strategy,regime_id,regime_name,ann_return,ann_volatility,sharpe,max_drawdown,expected_shortfall,return_over_es,hit_rate,avg_negative_return,n_obs
cvar_baseline,0,Low-stress / Risk-on,0.1528371798600967,0.0960518522578826,1.591194508667624,-0.1048948334853207,0.013874076838881907,11.016025183871884,0.5583508036338225,-0.004585179053799029,1431
cvar_baseline,1,High-stress / Risk-off,0.03009054232714914,0.14273028227055848,0.21082101042937565,-0.2104982739818242,0.020352334384388774,1.4784811294290665,0.5238095238095238,-0.006788171941753876,483
cvar_no_crypto_control,0,Low-stress / Risk-on,0.14762173601496253,0.09537756257706607,1.547761675034237,-0.10641472844513133,0.013842132558680949,10.664667123302696,0.5534591194968553,-0.004701939142379134,1431
cvar_no_crypto_control,1,High-stress / Risk-off,0.03177072530475322,0.14221877341838304,0.22339332945369483,-0.21012253613245302,0.020165545138714117,1.5754954843129585,0.5175983436853002,-0.006828292136408035,483
minvar_baseline_ch1,0,Low-stress / Risk-on,0.15267578094146939,0.0934561618538373,1.633662007008696,-0.10319442596270678,0.013406166352734013,11.388474297898977,0.5695317959468903,-0.004421077071113117,1431
minvar_baseline_ch1,1,High-stress / Risk-off,0.02162687730281654,0.14185294187114922,0.15245984339514868,-0.21164868443664442,0.020290973875906233,1.065837324274345,0.5362318840579711,-0.006570978722920379,483
minvar_no_crypto_control,0,Low-stress / Risk-on,0.15012339138783704,0.09296968490651904,1.6147563750354323,-0.10319442628078201,0.013358894471059892,11.237710703760524,0.56743535988819,-0.004377157645568233,1431
minvar_no_crypto_control,1,High-stress / Risk-off,0.02312799888007211,0.141070989466958,0.16394581882116313,-0.21164868443664375,0.02009166856078421,1.1511238506698414,0.5403726708074534,-0.006626798369482469,483
