strategy,regime_id,regime_name,mean_crypto_weight,median_crypto_weight,p90_crypto_weight,max_crypto_weight,share_crypto_gt_2pct,share_crypto_le_1pct,n_obs
cvar_baseline,0,Low-stress / Risk-on,0.022172246869667886,0.0064257719421457,0.06269208348175297,0.1255042365650769,0.2711864406779661,0.6101694915254238,59
cvar_baseline,1,High-stress / Risk-off,0.010744854447016188,0.0,0.02695592521065194,0.1093016810355309,0.15151515151515152,0.7878787878787878,33
cvar_no_crypto_control,0,Low-stress / Risk-on,0.0,0.0,0.0,0.0,0.0,1.0,59
cvar_no_crypto_control,1,High-stress / Risk-off,0.0,0.0,0.0,0.0,0.0,1.0,33
minvar_baseline_ch1,0,Low-stress / Risk-on,0.009801627994405999,0.0020294314944086,0.03328991005032257,0.047631839589217,0.2033898305084746,0.6949152542372882,59
minvar_baseline_ch1,1,High-stress / Risk-off,0.0036394394860083086,1.4474099002681484e-17,0.014838941371463786,0.027471394609570505,0.06060606060606061,0.8787878787878788,33
minvar_no_crypto_control,0,Low-stress / Risk-on,8.598500066616616e-18,6.006159738924677e-18,2.003407095490992e-17,4.0783135261763045e-17,0.0,1.0,59
minvar_no_crypto_control,1,High-stress / Risk-off,1.1185989470139482e-17,6.6529180360753456e-18,2.6707343905762725e-17,7.630492019249956e-17,0.0,1.0,33
