strategy,regime_id,regime_name,ann_return,ann_volatility,sharpe,max_drawdown,expected_shortfall,return_over_es,hit_rate,avg_negative_return,n_obs
cvar_baseline,0,Low-stress / Risk-on,0.15239749299986327,0.09604520267427166,1.586726757365541,-0.10495761354202404,0.013875740259099814,10.983017133080152,0.5583508036338225,-0.004563945611892718,1431
cvar_baseline,1,High-stress / Risk-off,0.029650680117006,0.1427347225059116,0.20773277585471867,-0.21060302645672913,0.020352334384388774,1.4568687580010236,0.5238095238095238,-0.006759659321961677,483
cvar_no_crypto_control,0,Low-stress / Risk-on,0.14720609623901892,0.09536968854050461,1.5435312675525703,-0.10646554030799249,0.013843558380732321,10.633544655968125,0.5534591194968553,-0.00464001634942605,1431
cvar_no_crypto_control,1,High-stress / Risk-off,0.031358394152284585,0.14222281176316195,0.22048779491509762,-0.21022519383222638,0.020165545138714117,1.5550481743279168,0.5175983436853002,-0.006799132626682679,483
minvar_baseline_ch1,0,Low-stress / Risk-on,0.15233561088148173,0.09345064253554969,1.6301183892184747,-0.10321417041207448,0.013407460372982153,11.362003440148785,0.5681341719077568,-0.00440760692098738,1431
minvar_baseline_ch1,1,High-stress / Risk-off,0.021263379407537197,0.14185587536914473,0.14989424549532773,-0.21172988425395978,0.020290973875906233,1.0479230586751487,0.5341614906832298,-0.006543722444645432,483
minvar_no_crypto_control,0,Low-stress / Risk-on,0.14981205224204586,0.09296436112623635,1.6114998309794868,-0.10321417071318828,0.013360047149781947,11.213437390038775,0.5632424877707897,-0.004328952232974546,1431
minvar_no_crypto_control,1,High-stress / Risk-off,0.022780002063782057,0.1410738977360762,0.1614756693431646,-0.21172988425396022,0.02009166856078421,1.133803396908759,0.5383022774327122,-0.00659883019373427,483
