from_state,Low-stress / Risk-on,High-stress / Risk-off
Low-stress / Risk-on,0.996292372881356,0.003707627118644068
High-stress / Risk-off,0.006416131989000917,0.9935838680109991
