from_state,Low-stress / Risk-on,High-stress / Risk-off
Low-stress / Risk-on,0.9973787680209698,0.002621231979030144
High-stress / Risk-off,0.008561643835616438,0.9914383561643836
